Country,Key,Continent,Refugees_2010,Refugees_2015,Murder Rate,Children_out_of_school,Government,GDP($ in million),Immigrants,Rain(ml),Density(pop/mi),Population,Area(mi),Famine,Female,Male,Civil,Poverty
Afghanistan,AFG,Asia,6434.0,257553.0,3.4,122.81,Republic,19199.0,105090.0,327.0,116.47,29117000.0,250001.05,1.0,49.3,50.7,0.0,36.0
Angola,AGO,Africa,15155.0,15537.0,9.15748091603,25.42,Republic,102643.0,87436.0,1010.0,39.46,18993000.0,481353.36,0.0,50.4,49.6,0.0,40.5
Albania,ALB,Europe,76.0,79.0,4.5,6.86,Republic,11456.0,57616.0,1485.0,287.85,3195000.0,11099.66,0.0,49.9,50.1,0.0,14.3
United Arab Emirates,ARE,Asia,538.0,658.0,0.92,0.626,Absolute monarchy,370293.0,7826981.0,78.0,147.09,4707000.0,32000.13,0.0,29.9,70.1,0.0,19.5
Argentina,ARG,South America,3276.0,3142.0,5.5,0.938,Republic,548055.0,1885678.0,591.0,37.93,40518951.0,1068301.76,0.0,51.1,48.9,0.0,30.0
Armenia,ARM,Europe,3296.0,19309.0,2.5,2.78,Republic,10561.0,317001.0,562.0,281.42,3238000.0,11505.84,0.0,48.6,51.4,0.0,35.8
Australia,AUS,Oceania,21805.0,36827.0,1.3,3.06,Constitutional monarchy,1339539.0,6763663.0,534.0,7.55,23480970.0,2967908.16,0.0,50.2,49.8,0.0,29.4510638298
Austria,AUT,Europe,42630.0,72158.0,0.55,3.01,Republic,374056.0,1492374.0,1110.0,258.6,8372930.0,32377.74,0.0,51.2,48.8,0.0,6.2
Azerbaijan,AZE,Europe,1891.0,1269.0,2.0,7.01,Republic,53047.0,323843.0,447.0,269.09,8997400.0,33436.43,0.0,50.3,49.7,0.0,6.0
Burundi,BDI,Africa,29365.0,53356.0,37.0,8.79,Republic,3085.0,254477.0,1274.0,792.82,8519000.0,10745.22,1.0,50.6,49.4,0.0,68.0
Belgium,BEL,Europe,17892.0,35267.0,1.82,0.618,Constitutional monarchy,454039.0,1387940.0,847.0,919.15,10827519.0,11779.97,0.0,50.9,49.1,0.0,15.2
Benin,BEN,Africa,7139.0,521.0,14.0,8.27,Republic,8476.0,234241.0,1039.0,211.85,9212000.0,43482.81,0.0,50.2,49.8,0.0,37.4
Bangladesh,BGD,Asia,229253.0,231954.0,2.6,4.11,Republic,195079.0,1396514.0,2666.0,2957.35,164425000.0,55598.69,1.0,49.4,50.6,0.0,31.5
Bulgaria,BGR,Europe,5530.0,16513.0,2.3,0.675,Republic,48953.0,102113.0,608.0,176.93,7576751.0,42822.57,0.0,51.4,48.6,0.0,21.8
The Bahamas,BHS,North America,28.0,7.0,9.15748091603,1.93,Constitutional monarchy,8884.0,59306.0,1292.0,64.29,346000.0,5382.26,0.0,51.1,48.9,0.0,9.3
Bosnia and Herzegovina,BIH,Europe,7016.0,6789.0,1.8,15.1056878205,Republic,15995.0,34803.0,1028.0,190.47,3760000.0,19741.01,0.0,51.2,48.8,0.0,18.6
Belarus,BLR,Europe,589.0,1800.0,5.6,2.14,Republic,54609.0,1082905.0,618.0,118.17,9471900.0,80154.78,0.0,53.6,46.4,0.0,27.1
Belize,BLZ,North America,134.0,34.0,33.0,1.21,Constitutional monarchy,1763.0,50860.0,1705.0,36.32,322100.0,8867.22,0.0,50.0,50.0,0.0,41.0
Bolivia,BOL,South America,695.0,752.0,11.0,23.62,Republic,33197.0,154330.0,1146.0,23.65,10031000.0,424163.94,0.0,50.1,49.9,0.0,45.0
Brazil,BRA,South America,4357.0,8643.0,22.0,33.84,Republic,1774725.0,1847274.0,1782.0,58.84,193364000.0,3286486.71,0.0,50.8,49.2,0.0,21.4
Brunei,BRN,Asia,0.0,0.0,0.5,4.72,Absolute monarchy,15492.0,206173.0,2722.0,182.69,407000.0,2227.81,0.0,49.9453416149,50.0546583851,0.0,29.4510638298
Bhutan,BTN,Asia,68206.0,103635.0,1.4,10.84,Constitutional monarchy,1962.0,50862.0,2200.0,39.02,708000.0,18146.79,0.0,46.3,53.7,0.0,12.0
Botswana,BWA,Africa,2986.0,2122.0,12.0,25.54,Republic,14391.0,146456.0,416.0,8.53,1978000.0,231804.06,0.0,49.7,50.3,0.0,30.3
Central African Republic,CAF,Africa,21574.0,7322.0,30.0,42.79,Republic,1503.0,134237.0,1343.0,18.73,4506000.0,240535.37,0.0,50.8,49.2,0.0,29.4510638298
Canada,CAN,North America,165549.0,135865.0,2.05,0.0615,Constitutional monarchy,1550537.0,7284069.0,537.0,8.88,34207000.0,3851807.61,0.0,50.4,49.6,0.0,9.4
Switzerland,CHE,Europe,48813.0,73261.0,0.71,0.443,Republic,664738.0,2438702.0,1537.0,488.2,7782900.0,15942.15,0.0,50.7,49.3,0.0,7.6
Chile,CHL,South America,1621.0,1825.0,1.7,5.99,Republic,240216.0,469400.0,1522.0,58.56,17114000.0,292259.91,0.0,50.5,49.5,0.0,15.1
China,CHN,Asia,300986.0,301039.0,1.2,14.19,Republic,10866444.0,848511.0,645.0,361.42,1339190000.0,3705405.45,0.0,48.2,51.8,0.0,6.1
Ivory Coast,CIV,Africa,68206.0,103635.0,9.15748091603,15.1056878205,n/a,460742.224359,2446171.0,1110.7875,256.00425,41738534.0,319456.926,0.0,49.9453416149,50.0546583851,0.0,29.4510638298
Cameroon,CMR,Africa,104275.0,342950.0,2.3,13.59,Republic,29198.0,291792.0,1604.0,108.72,19958000.0,183568.33,0.0,50.0,50.0,0.0,48.0
Democratic Republic of the Congo,COD,Africa,166336.0,383085.0,35.0,106.48,Republic,35238.0,446924.0,1543.0,74.9,67827000.0,905567.49,0.0,50.3,49.7,1.0,71.0
Republic of the Congo,COG,Africa,133112.0,44937.0,9.15748091603,12.97,Republic,8553.0,431470.0,1646.0,28.47,3759000.0,132046.88,0.0,50.0,50.0,0.0,29.4510638298
Colombia,COL,South America,212.0,187.0,35.0,12.56,Republic,292080.0,129632.0,2612.0,103.63,45569000.0,439735.43,0.0,50.8,49.2,0.0,32.7
Costa Rica,CRI,North America,19505.0,3588.0,11.0,4.95,Republic,51107.0,419572.0,2926.0,235.18,4640000.0,19729.81,0.0,49.2,50.8,0.0,24.8
Cuba,CUB,North America,411.0,295.0,5.5,2.49,Republic,77150.0,13336.0,1335.0,261.76,11204000.0,42803.27,0.0,49.7,50.3,0.0,29.4510638298
Cyprus,CYP,Europe,3394.0,7022.0,1.14,0.347,Republic,19320.0,207313.0,498.0,224.52,801851.0,3571.44,0.0,48.9,51.1,0.0,29.4510638298
Czech Republic,CZE,Europe,2449.0,3580.0,1.94,15.1056878205,Republic,181811.0,405093.0,677.0,345.23,10512397.0,30450.32,0.0,50.8,49.2,0.0,9.8
Germany,DEU,Europe,594269.0,316058.0,0.86,0.0884,Republic,3355772.0,12005690.0,700.0,593.11,81757600.0,137846.52,0.0,50.9,49.1,0.0,15.5
Djibouti,DJI,Africa,15104.0,19359.0,3.4,40.84,Republic,1589.0,123537.0,220.0,98.98,879000.0,8880.35,1.0,49.8,50.2,0.0,18.8
Denmark,DNK,Europe,17922.0,27267.0,1.01,2.74,Constitutional monarchy,295164.0,572520.0,703.0,332.97,5540241.0,16638.68,0.0,50.4,49.6,0.0,13.4
Dominican Republic,DOM,North America,599.0,605.0,22.0,11.14,Republic,67103.0,415564.0,1410.0,543.46,10225000.0,18814.75,0.0,50.0,50.0,0.0,34.4
Algeria,DZA,Africa,94144.0,94161.0,0.64,0.658,Republic,166839.0,270407.0,89.0,38.52,35423000.0,919594.58,0.0,49.4,50.6,0.0,23.0
Ecuador,ECU,South America,121249.0,121451.0,19.0,3.83,Republic,100872.0,359315.0,2087.0,129.96,14228000.0,109483.08,0.0,50.0,50.0,0.0,25.6
Egypt,EGY,Africa,95056.0,212462.0,0.8,2.66,Republic,330779.0,297448.0,51.0,203.92,78848000.0,386661.85,0.0,49.8,50.2,0.0,22.0
Eritrea,ERI,Africa,4809.0,2549.0,16.0,84.48,Republic,460742.224359,15798.0,384.0,111.52,5224000.0,46841.89,1.0,50.1,49.9,0.0,50.0
Spain,ESP,Europe,3820.0,5737.0,0.9,0.164,Constitutional monarchy,1199057.0,5852953.0,636.0,240.9,46951532.0,194897.34,0.0,50.6,49.4,0.0,21.1
Estonia,EST,Europe,39.0,133.0,7.1,1.58,Republic,22691.0,202348.0,626.0,76.74,1340021.0,17461.85,0.0,53.6,46.4,0.0,17.5
Ethiopia,ETH,Africa,154295.0,736071.0,21.0,32.82,Republic,61537.0,718241.0,848.0,182.04,79221000.0,435185.99,1.0,50.0,50.0,0.0,39.0
Finland,FIN,Europe,8724.0,12622.0,2.5,1.12,Republic,229810.0,315881.0,536.0,41.24,5366100.0,130127.96,0.0,50.9,49.1,0.0,29.4510638298
Fiji,FJI,Oceania,1.0,7.0,2.8,1.31,Republic,4386.0,13751.0,2592.0,121.06,854000.0,7054.08,0.0,49.1,50.9,0.0,31.0
France,FRA,Europe,200687.0,273092.0,1.31,0.613,Republic,2421682.0,7784418.0,867.0,309.87,65447374.0,211209.38,0.0,51.6,48.4,0.0,7.9
Gabon,GAB,Africa,9015.0,919.0,9.15748091603,12.29,Republic,14340.0,394953.0,1831.0,14.52,1501000.0,103346.76,0.0,49.7,50.3,0.0,29.4510638298
United Kingdom,GBR,Europe,238150.0,122996.0,9.15748091603,0.212,Constitutional monarchy,2848755.0,8543120.0,1220.0,656.35,62041708.0,94525.49,0.0,50.7,49.3,0.0,16.2
Georgia,GEO,Europe,639.0,1963.0,7.6,0.836,Republic,13965.0,189893.0,1026.0,164.84,4436000.0,26911.31,0.0,52.9,47.1,0.0,9.2
Ghana,GHA,Africa,13828.0,17394.0,1.7,25.72,Republic,37864.0,358829.0,1187.0,263.18,24333000.0,92455.98,0.0,50.4,49.6,0.0,28.5
Guinea,GIN,Africa,14113.0,8825.0,9.15748091603,37.64,Republic,6699.0,378464.0,1651.0,108.76,10324000.0,94925.88,0.0,49.9,50.1,0.0,47.0
Gambia,GMB,Africa,8378.0,7851.0,9.15748091603,41.97,Republic,0.0,162919.0,836.0,401.33,1751000.0,4362.95,0.0,50.5,49.5,0.0,48.4
Equatorial Guinea,GNQ,Africa,68206.0,103635.0,19.0,52.09,Republic,9398.0,10141.0,2156.0,63.99,693000.0,10830.55,0.0,48.8,51.2,0.0,29.4510638298
Greece,GRC,Europe,1444.0,30187.0,1.05,0.246,Republic,195212.0,1242514.0,652.0,221.94,11306183.0,50942.3,0.0,50.7,49.3,0.0,20.0
Guatemala,GTM,North America,138.0,222.0,52.0,7.48,Republic,63794.0,72764.0,1996.0,341.96,14377000.0,42042.65,0.0,51.2,48.8,0.0,54.0
Guyana,GUY,South America,7.0,7.0,21.0,31.7,Republic,3166.0,14770.0,2387.0,9.17,761000.0,83000.35,0.0,49.2,50.8,0.0,35.0
Honduras,HND,North America,14.0,23.0,67.0,8.39,Republic,20152.0,27503.0,1976.0,175.98,7616000.0,43278.17,0.0,50.0,50.0,0.0,60.0
Croatia,HRV,Europe,936.0,473.0,1.67,0.865,Republic,48732.0,576883.0,1113.0,203.15,4435056.0,21830.98,0.0,51.8,48.2,0.0,21.1
Haiti,HTI,North America,0.0,0.0,21.0,69.64,Republic,8877.0,39529.0,1440.0,950.88,10188000.0,10714.33,0.0,50.6,49.4,0.0,80.0
Hungary,HUN,Europe,5414.0,4333.0,1.38,0.858,Republic,120687.0,449632.0,589.0,278.78,10013628.0,35919.07,0.0,52.5,47.5,0.0,14.0
Indonesia,IDN,Asia,811.0,5954.0,1.05,3.74,Republic,861934.0,295433.0,2702.0,315.99,234181400.0,741099.62,0.0,49.7,50.3,0.0,11.7
India,IND,Asia,184821.0,201364.0,2.8,1.14,Republic,2073543.0,5338486.0,1083.0,933.27,1184639000.0,1269345.07,0.0,48.3,51.7,0.0,29.8
Ireland,IRL,Europe,9107.0,6063.0,9.15748091603,1.28,Republic,238020.0,746260.0,1118.0,164.34,4459300.0,27135.25,0.0,50.4,49.6,0.0,5.5
Iran,IRN,Asia,1073366.0,979435.0,2.6,0.0454,Republic,425326.0,2649516.0,228.0,117.99,75078000.0,636296.1,0.0,49.7,50.3,0.0,18.7
Iraq,IRQ,Asia,34655.0,277697.0,9.15748091603,12.99,Republic,168607.0,95780.0,216.0,186.47,31467000.0,168754.37,0.0,49.4,50.6,1.0,25.0
Iceland,ISL,Europe,83.0,125.0,0.0,1.38,Republic,16598.0,37522.0,1940.0,7.99,317900.0,39768.51,0.0,49.7,50.3,0.0,29.4510638298
Israel,ISR,Asia,25471.0,38463.0,2.1,2.65,Republic,296075.0,2046873.0,435.0,948.01,7602400.0,8019.34,0.0,50.5,49.5,0.0,21.0
Italy,ITA,Europe,56397.0,117986.0,1.1,0.421,Republic,1814763.0,5788875.0,832.0,518.81,60340328.0,116305.51,0.0,51.4,48.6,0.0,29.9
Jamaica,JAM,North America,21.0,8.0,60.0,11.09,Constitutional monarchy,14006.0,23167.0,2051.0,643.31,2730000.0,4243.65,0.0,50.8,49.2,0.0,16.5
Jordan,JOR,Asia,450915.0,664095.0,1.9,3.21,Constitutional monarchy,37517.0,2925780.0,111.0,181.61,6472000.0,35637.21,0.0,49.0,51.0,0.0,14.2
Japan,JPN,Asia,2586.0,2464.0,1.02,0.0322,Constitutional monarchy,4123258.0,2437169.0,1668.0,873.17,127380000.0,145882.85,0.0,51.3,48.7,0.0,16.0
Kazakhstan,KAZ,Asia,4406.0,701.0,11.0,0.602,Republic,184361.0,3476233.0,250.0,15.44,16197000.0,1049154.96,0.0,51.9,48.1,0.0,5.3
Kenya,KEN,Africa,402905.0,553892.0,3.6,27.32,Republic,63398.0,955452.0,630.0,181.64,40863000.0,224962.33,1.0,50.1,49.9,0.0,43.4
Kyrgyzstan,KGZ,Asia,2458.0,349.0,7.9,1.12,Republic,460742.224359,226960.0,533.0,72.42,5550000.0,76641.25,0.0,50.7,49.3,0.0,33.7
Cambodia,KHM,Asia,129.0,69.0,3.2,1.92,Constitutional monarchy,18050.0,75556.0,1904.0,191.64,13395682.0,69899.91,0.0,51.2,48.8,0.0,20.0
South Korea,KOR,Asia,358.0,1425.0,2.3,0.612,Republic,1377873.0,1230000.0,1274.0,1309.02,49773145.0,38023.32,0.0,50.3,49.7,0.0,16.0
Kuwait,KWT,Asia,184.0,731.0,1.1,1.37,Constitutional monarchy,112812.0,2920000.0,121.0,443.44,3051000.0,6880.34,0.0,40.2,59.8,0.0,29.4510638298
Laos,LAO,Asia,68206.0,103635.0,9.15748091603,4.47,Republic,460742.224359,21801.0,1834.0,70.39,6436000.0,91428.95,0.0,49.9453416149,50.0546583851,0.0,22.0
Lebanon,LBN,Asia,8063.0,1070844.0,0.57,4.05,Republic,47103.0,1440562.0,661.0,1059.65,4255000.0,4015.46,0.0,49.2,50.8,0.0,28.0
Liberia,LBR,Africa,24743.0,36490.0,9.15748091603,95.41,Republic,2053.0,225484.0,2391.0,80.85,3476608.0,43000.18,0.0,49.6,50.4,0.0,80.0
Libya,LBY,Africa,7923.0,9295.0,2.2,5.03,n/a,29153.0,755974.0,56.0,9.64,6546000.0,679361.91,0.0,50.0,50.0,1.0,29.4510638298
Sri Lanka,LKA,Asia,223.0,776.0,7.4,4.94,Republic,82316.0,324977.0,1712.0,805.7,20410000.0,25332.15,0.0,51.1,48.9,0.0,8.9
Lesotho,LSO,Africa,68206.0,26.0,37.0,29.87,Constitutional monarchy,2181.0,3095.0,788.0,177.81,2084000.0,11720.13,0.0,50.7,49.3,0.0,49.0
Lithuania,LTU,Europe,803.0,1064.0,9.0,0.456,Republic,41244.0,136036.0,656.0,132.25,3329227.0,25173.85,0.0,54.0,46.0,0.0,4.0
Luxembourg,LUX,Europe,3254.0,1276.0,1.45,3.77,Constitutional monarchy,57794.0,249325.0,934.0,502.98,502207.0,998.46,0.0,50.2,49.8,0.0,29.4510638298
Latvia,LVA,Europe,68.0,188.0,4.8,0.964,Republic,27035.0,263126.0,641.0,89.73,2237800.0,24937.94,0.0,54.3,45.7,0.0,29.4510638298
Morocco,MAR,Africa,792.0,3884.0,0.4,2.68,Constitutional monarchy,100360.0,50771.0,346.0,184.97,31892000.0,172413.85,0.0,50.6,49.4,0.0,15.0
Moldova,MDA,Europe,68206.0,404.0,6.7,3.92,Republic,6551.0,142904.0,450.0,272.74,3563800.0,13066.85,0.0,49.9453416149,50.0546583851,0.0,21.9
Madagascar,MDG,Africa,0.0,6.0,9.15748091603,31.87,Republic,9981.0,34313.0,1513.0,93.3,21146000.0,226657.32,0.0,50.2,49.8,0.0,50.0
Mexico,MEX,North America,1395.0,2874.0,15.0,3.4,Republic,1144331.0,1103460.0,752.0,142.33,108396211.0,761605.5,0.0,51.6,48.4,0.0,52.3
Macedonia,MKD,Europe,1398.0,697.0,9.15748091603,1.02,Republic,460742.224359,130730.0,619.0,209.45,2048620.0,9781.12,0.0,49.9,50.1,1.0,30.4
Mali,MLI,Africa,13558.0,15908.0,9.15748091603,42.9,Republic,13100.0,195553.0,282.0,30.32,14517176.0,478766.48,0.0,49.6,50.4,1.0,36.1
Myanmar,MMR,Asia,0.0,0.0,9.15748091603,15.1056878205,Republic,64866.0,103117.0,1110.7875,192.75,50496000.0,261970.21,0.0,51.5,48.5,0.0,29.4510638298
Montenegro,MNE,Europe,16364.0,1762.0,9.15748091603,1.0,Republic,3993.0,82541.0,1110.7875,256.00425,41738534.0,319456.926,0.0,50.6,49.4,0.0,6.6
Mongolia,MNG,Asia,12.0,6.0,7.9,1.87,Republic,11758.0,17225.0,241.0,4.58,2768800.0,604249.63,0.0,50.5,49.5,0.0,29.8
Mozambique,MOZ,Africa,4077.0,5609.0,5.0,27.44,Republic,14689.0,218881.0,1032.0,75.63,23406000.0,309495.5,0.0,51.1,48.9,0.0,52.0
Mauritania,MRT,Africa,26717.0,77380.0,9.15748091603,44.6,Republic,5442.0,90206.0,92.0,8.46,3366000.0,397955.33,0.0,49.6,50.4,0.0,40.0
Malawi,MWI,Africa,5740.0,9013.0,9.15748091603,4.3,Republic,6565.0,206578.0,1181.0,343.03,15692000.0,45745.36,1.0,49.9,50.1,0.0,53.0
Malaysia,MYS,Asia,81516.0,94111.0,2.3,3.63,Constitutional monarchy,296218.0,3276880.0,2875.0,222.33,28306700.0,127317.13,0.0,51.5,48.5,0.0,3.8
Namibia,NAM,Africa,7254.0,1725.0,6.0,19.24,Republic,11546.0,51448.0,285.0,6.94,2212000.0,318695.54,0.0,51.5,48.5,0.0,28.7
Niger,NER,Africa,314.0,124712.0,9.15748091603,61.12,Republic,7143.0,132294.0,151.0,32.48,15891000.0,489191.23,1.0,49.6,50.4,0.0,63.0
Nigeria,NGA,Africa,8747.0,1372.0,1.3,69.68,Republic,481066.0,1233592.0,1150.0,443.71,170123000.0,356668.67,0.0,49.1,50.9,0.0,70.0
Nicaragua,NIC,North America,64.0,325.0,13.0,9.24,Republic,12693.0,41482.0,2391.0,116.44,5822000.0,49997.89,0.0,50.5,49.5,0.0,42.5
Netherlands,NLD,Europe,74961.0,88493.0,0.93,0.0465,Constitutional monarchy,752547.0,1979486.0,778.0,1035.94,16609518.0,16033.27,0.0,50.4,49.6,0.0,9.1
Norway,NOR,Europe,40260.0,50317.0,0.6,0.626,Constitutional monarchy,388315.0,741813.0,1414.0,39.12,4896700.0,125181.99,0.0,49.9,50.1,0.0,29.4510638298
Nepal,NPL,Asia,89808.0,32659.0,2.2,2.97,Republic,20881.0,971247.0,1500.0,549.14,29853000.0,54363.16,0.0,51.6,48.4,0.0,25.2
New Zealand,NZL,Oceania,2307.0,1273.0,1.3,0.587,Constitutional monarchy,173754.0,1132736.0,1732.0,42.26,4383600.0,103737.89,0.0,50.9,49.1,0.0,29.4510638298
Oman,OMN,Asia,78.0,244.0,0.6,2.13,Absolute monarchy,70255.0,1112032.0,125.0,35.41,2905000.0,82031.23,0.0,36.4,63.6,0.0,29.4510638298
Pakistan,PAK,Asia,1900621.0,1561152.0,6.8,29.98,Republic,269971.0,4080766.0,494.0,548.51,170260000.0,310402.84,0.0,48.6,51.4,0.0,22.3
Panama,PAN,North America,17073.0,17264.0,13.0,9.14,Republic,52132.0,158417.0,2692.0,110.04,3322576.0,30193.18,0.0,49.5,50.5,0.0,26.0
Peru,PER,South America,1146.0,1429.0,3.2,4.34,Republic,192084.0,104919.0,1738.0,59.37,29461933.0,496226.01,0.0,49.9,50.1,0.0,25.8
Philippines,PHL,Asia,243.0,239.0,6.4,15.99,Republic,291965.0,213150.0,2348.0,256.00425,41738534.0,319456.926,0.0,49.9,50.1,0.0,26.5
Papua New Guinea,PNG,Oceania,9698.0,9503.0,9.15748091603,60.02,Constitutional monarchy,16929.0,25782.0,3142.0,38.54,6888000.0,178703.45,0.0,49.0,51.0,0.0,37.0
Poland,POL,Europe,15555.0,14012.0,1.21,2.05,Republic,474783.0,619403.0,600.0,316.14,38167329.0,120728.3,0.0,51.7,48.3,0.0,10.6
North Korea,PRK,Asia,68206.0,0.0,9.15748091603,15.1056878205,Republic,460742.224359,46813.0,1054.0,515.48,23991000.0,46540.74,0.0,51.1,48.9,0.0,29.4510638298
Portugal,PRT,Europe,384.0,634.0,1.17,0.428,Republic,198931.0,837257.0,854.0,298.18,10636888.0,35672.35,0.0,51.6,48.4,0.0,18.0
Paraguay,PRY,South America,107.0,167.0,12.0,21.2,Republic,27623.0,185776.0,1130.0,41.13,6460000.0,157046.99,0.0,49.6,50.4,0.0,34.7
Qatar,QAT,Asia,51.0,117.0,1.0,3.39,Absolute monarchy,166908.0,1600955.0,74.0,384.2,1696563.0,4415.85,0.0,23.5,76.5,0.0,29.4510638298
Romania,ROU,Europe,1021.0,2546.0,2.3,4.86,Republic,177954.0,226943.0,637.0,234.09,21466174.0,91699.23,0.0,51.3,48.7,0.0,22.2
Russia,RUS,Asia,4922.0,314472.0,15.0,1.53,Republic,1326015.0,11643276.0,460.0,21.53,141927297.0,6592768.87,0.0,53.9,46.1,0.0,11.0
Rwanda,RWA,Africa,55398.0,144724.0,9.15748091603,2.02,Republic,8096.0,452406.0,1212.0,1010.61,10277000.0,10169.15,1.0,51.2,48.8,0.0,44.9
Saudi Arabia,SAU,Asia,582.0,117.0,0.9,7.64,Absolute monarchy,646002.0,9060433.0,59.0,34.67,26246000.0,756984.63,0.0,42.5,57.5,0.0,29.4510638298
Sudan,SDN,Africa,178308.0,309627.0,9.15748091603,15.1056878205,Republic,84067.0,446707.0,416.0,42.4,31894000.0,728215.12,1.0,49.8,50.2,0.0,46.5
South Sudan,SDS,Africa,68206.0,263012.0,9.15748091603,15.1056878205,Republic,9015.0,629577.0,1110.7875,34.52,8260490.0,239285.0,0.0,50.0,50.0,0.0,50.6
Senegal,SEN,Africa,20672.0,14383.0,1.1,31.95,Republic,13780.0,209398.0,686.0,169.78,12861000.0,75749.35,0.0,51.0,49.0,0.0,54.0
Solomon Islands,SLB,Oceania,68206.0,103635.0,9.15748091603,10.68,Constitutional monarchy,1157.0,2585.0,3028.0,48.8,536000.0,10984.6,0.0,49.2,50.8,0.0,29.4510638298
Sierra Leone,SLE,Africa,8363.0,760.0,2.6,103.37,Republic,4475.0,96368.0,2526.0,210.69,5836000.0,27698.96,0.0,50.3,49.7,0.0,70.2
El Salvador,SLV,North America,38.0,36.0,71.0,6.3,Republic,25850.0,41615.0,1724.0,762.47,6194000.0,8123.59,0.0,52.6,47.4,0.0,36.5
Somalia,SOM,Africa,1937.0,8071.0,9.15748091603,129.09,Republic,5953.0,24593.0,282.0,38.01,9359000.0,246200.64,1.0,50.3,49.7,0.0,29.4510638298
Suriname,SUR,South America,1.0,103635.0,14.0,9.06,Republic,4878.0,41670.0,2331.0,8.31,524000.0,63038.87,0.0,49.9,50.1,0.0,70.0
Slovakia,SVK,Europe,461.0,796.0,1.74,15.1056878205,Republic,460742.224359,177190.0,824.0,287.75,5426645.0,18859.15,0.0,51.4,48.6,0.0,21.0
Slovenia,SVN,Europe,314.0,269.0,0.55,1.48,Republic,42747.0,235966.0,1162.0,263.52,2062700.0,7827.45,0.0,50.3,49.7,0.0,13.5
Sweden,SWE,Europe,82629.0,169461.0,0.89,0.32,Constitutional monarchy,492618.0,1639771.0,624.0,53.91,9366092.0,173732.0,0.0,50.2,49.8,0.0,29.4510638298
Swaziland,SWZ,Africa,759.0,674.0,13.0,28.07,Absolute monarchy,4060.0,25524.0,788.0,179.3,1202000.0,6703.89,0.0,50.7,49.3,0.0,69.0
Syria,SYR,Asia,1005472.0,21102.0,3.0,0.864,Republic,460742.224359,1394227.0,252.0,314.76,22505000.0,71498.37,0.0,49.1,50.9,1.0,11.9
Chad,TCD,Africa,347939.0,369523.0,19.0,63.78,Republic,10889.0,331251.0,322.0,22.74,11274106.0,495754.97,0.0,49.9,50.1,1.0,80.0
Togo,TGO,Africa,14051.0,21939.0,9.15748091603,11.2,Republic,4003.0,202476.0,1168.0,309.24,6780000.0,21924.8,0.0,50.7,49.3,0.0,32.0
Thailand,THA,Asia,96675.0,108237.0,5.9,3.68,n/a,395282.0,3721735.0,1622.0,320.1,63525062.0,198456.43,0.0,51.0,49.0,0.0,13.2
Tajikistan,TJK,Asia,3131.0,1963.0,1.7,0.886,Republic,7853.0,275735.0,691.0,128.05,7075000.0,55251.2,0.0,49.8,50.2,0.0,35.6
Turkmenistan,TKM,Asia,62.0,25.0,4.1,15.1056878205,Republic,37334.0,226327.0,161.0,27.47,5177000.0,188456.39,0.0,50.8,49.2,0.0,30.0
East Timor,TLS,Asia,68206.0,103635.0,13.0,13.71,Republic,460742.224359,1440562.0,1500.0,202.1,1171000.0,5794.23,0.0,49.9453416149,50.0546583851,0.0,41.0
Trinidad and Tobago,TTO,North America,29.0,101.0,43.0,1.23,Republic,27806.0,32488.0,2200.0,678.81,1344000.0,1979.93,0.0,50.6,49.4,0.0,17.0
Tunisia,TUN,Africa,89.0,649.0,9.15748091603,0.0473,Republic,43015.0,36526.0,207.0,165.15,10432500.0,63170.15,0.0,50.4,49.6,0.0,3.8
Turkey,TUR,Asia,10032.0,2541308.0,3.8,3.34,Republic,718221.0,4580678.0,593.0,240.76,72561312.0,301383.5,0.0,50.9,49.1,0.0,16.9
United Republic of Tanzania,TZA,Africa,109286.0,211845.0,7.5,3.98,Republic,460742.224359,312778.0,1071.0,123.43,45040000.0,364899.98,1.0,50.0,50.0,0.0,36.0
Uganda,UGA,Africa,135801.0,477167.0,8.7,18.86,Republic,26369.0,531401.0,1180.0,370.83,33796000.0,91135.52,1.0,49.9,50.1,0.0,24.5
Ukraine,UKR,Europe,3022.0,3226.0,5.4,0.534,Republic,90615.0,4834898.0,1875.0,196.8,45871738.0,233089.78,0.0,53.9,46.1,0.0,24.1
Uruguay,URY,South America,189.0,267.0,5.8,0.147,Republic,53443.0,73528.0,1265.0,49.57,3372000.0,68031.17,0.0,51.7,48.3,0.0,18.6
United States of America,USA,North America,264569.0,273113.0,5.0,5.64,Republic,17946996.0,46627102.0,715.0,83.38,309975000.0,3717811.29,0.0,50.8,49.2,0.0,15.1
Uzbekistan,UZB,Asia,311.0,106.0,3.2,6.06,Republic,66733.0,1266278.0,206.0,160.9,27794000.0,172742.03,0.0,50.3,49.7,0.0,17.0
Venezuela,VEN,South America,201547.0,173705.0,49.0,6.37,Republic,371337.0,1171331.0,1875.0,82.03,28888000.0,352144.33,0.0,49.9,50.1,0.0,31.6
Vietnam,VNM,Asia,1928.0,0.0,1.9,1.37,Republic,193599.0,68290.0,1821.0,674.21,85789573.0,127243.78,0.0,50.6,49.4,0.0,11.3
Vanuatu,VUT,Oceania,4.0,103635.0,9.15748091603,1.32,Republic,0.0,3187.0,1110.7875,52.22,246000.0,4710.44,0.0,49.3,50.7,0.0,29.4510638298
Yemen,YEM,Asia,190092.0,267158.0,4.0,20.55,Republic,35955.0,314683.0,167.0,118.99,24256000.0,203850.27,0.0,49.6,50.4,1.0,45.2
South Africa,ZAF,Africa,57899.0,121573.0,34.0,12.82,Republic,312798.0,2399238.0,495.0,106.14,49991300.0,471010.46,0.0,51.5,48.5,0.0,31.3
Zambia,ZMB,Africa,47857.0,26429.0,9.15748091603,8.87,Republic,21202.0,98907.0,1020.0,45.62,13257000.0,290585.77,0.0,50.1,49.9,0.0,60.5
Zimbabwe,ZWE,Africa,4435.0,6933.0,9.15748091603,31.71,Republic,13893.0,360992.0,657.0,83.84,12644000.0,150803.72,0.0,50.6,49.4,0.0,68.0
